PC1,PC2,PC3,PC4,PC5,Target
-1.9473534701872257,1.3960567649971212,0.7725967758995252,1.0200608434574034,0.6823516618603229,3
1.2660963120474173,-0.532031583408166,-0.3570465588910442,0.9518905030729992,0.7131755455227973,3
-1.2068296399237495,1.850777006542978,0.7163151213899095,-0.5263367536799298,-0.10759656334196786,3
-0.8016570077495453,1.5277137129447245,0.1836388710261693,-0.7725478971694564,0.7144864531957588,3
0.26212643036543737,-1.2407332424908073,0.9997504351885891,-0.06928916256584691,-0.02612680948145485,2
0.8408771205993513,-0.8828197281433771,0.9847622896256131,-1.7861001108355061,0.004845671444035055,3
0.554675409467509,0.46038630006439857,-0.32978288512714,-1.168874033018024,-0.06421718013072994,3
0.9097864946230171,-1.504759377836276,0.29245934913939253,2.423970900208507,-0.09882518954907743,4
0.21364373516028237,0.22987169588287898,-0.24241492224929234,-1.590632565750414,-0.6398940908285149,3
-0.6889656230696041,3.08687926199909,1.4976971001274066,1.7985244737723836,0.5930569456976847,4
-0.30481934183833154,-1.0144766760909854,1.5737201944989743,0.0065086297913587434,-0.027289119891401606,2
-0.17675648876353603,0.781420730461099,-0.8440714575124987,-1.601612116914886,-0.6583424380338664,3
-1.024571937361357,-0.44818576386633313,-0.07911730438452882,-0.7260685243426547,-0.6279783622019198,3
0.6554941445095017,-2.147966616836307,-0.09190742892256826,1.325512849857079,0.7661460365407331,3
-0.17675648876353603,0.781420730461099,-0.8440714575124987,-1.601612116914886,-0.6583424380338664,3
0.39290226943795037,0.36357957286597176,-0.28848937618050313,-1.3392873841503476,0.7567035259970486,3
0.6240905183579558,0.3521740996381218,-0.44989098513899733,1.4045487428120953,-0.7351988860821291,4
-0.8480263890814066,-0.12289329568793414,-1.2547435989581197,-0.8128458678643318,-0.6452643989973228,3
-1.4440429209836585,2.2371055456436855,1.2161301445494066,-0.024415507891774005,-0.13020297852795737,3
-1.0133983695201196,-0.7166567313050027,-1.7898610713570366,0.6107406406340877,-0.06723150165101523,3
-0.12789367401372578,-0.5143703575652631,-0.7272417998458073,-0.37574286326891043,-0.6482601565680133,3
-0.5101811455942361,0.6298733820904404,1.8233842332529633,1.8516184770650976,-0.13383850702081637,2
1.049274146183303,0.700494259115735,-0.4410149893534806,-0.5296888528715993,-0.09638333729479266,3
-0.29275991958565717,-0.5944063439157086,-0.6901644317703606,-0.5888045899843853,-0.6375381041799927,3
-1.4005798725794387,0.15703516134453427,-0.6897709255034989,-0.6987646206225345,0.7608929598063136,3
0.5315713082739992,-0.19422641216348135,-0.8755512721475948,0.47650404359298987,-0.6911483661200972,3
-0.25819545628393875,0.47203058396969955,0.18923642446651742,1.092506536622943,0.692402577497549,3
1.0287574156653845,-0.4846166432267494,-1.5547620759771081,2.7949858345364613,0.6541949754138844,3
2.50134449434881,0.5017102161083296,1.1729702226185532,-1.2964959995932108,-0.07256468192063383,3
0.4709035754940436,0.5173945951156296,-1.5513625435616947,0.8916479458594685,-0.7310408181014902,4
0.7108298425516673,-0.0605185351803888,-0.9216257260788059,0.7278492251930568,0.7054492507054666,3
1.8101605955038285,-1.0418543705570025,0.21448447046640826,1.1476930356403046,-0.015695892158350704,3
-1.4153522808298304,-0.07145057963543727,0.4445618601234556,-0.4415739259685343,-0.04274170952606199,3
-1.2388067325498802,0.2538418885429611,-0.7310644344501361,-0.5283512694902109,-0.06002774632146496,3
-0.3367964344644586,-2.611411794090998,0.1263406386589232,0.00449411398107701,0.020279697129100896,3
1.1012300664754855,-0.6120675697586085,-0.31996919081559955,0.7388287763575282,0.7238975979108178,3
0.43917771351216917,-0.4017133250457863,0.39631898108936103,-1.7927147413014184,-0.6107236912351433,3
1.1588046937130685,-1.3069178361897376,0.3516259397273104,0.28103649850789775,-0.04640860384754708,3
-1.3111537680378547,0.7202064139941191,-0.2683267793660912,0.18663170301341941,-0.09335621389547588,3
1.8300745940309393,-0.40260381004070406,0.7622980811729317,-0.5077297505426563,-0.05948664288409045,3
0.2163567211580002,0.03828710468757345,0.8871369183930882,-1.2525100406286707,0.7739895627924518,3
-0.0672259412337702,-1.2259913648443739,-0.05143052843170741,-0.7908867655353887,-0.6083677045866205,3
-0.6835402630541304,-0.21767115968481338,-0.16648526726237653,-0.30430999161026434,-0.052301451504134754,3
-1.4069850242639936,0.3571443768700724,0.773978188468688,2.842466901666656,-0.1499308675776451,4
1.5469659884414693,0.9238314773190899,-0.5480309527086309,0.1521447028579777,0.6816491592809023,4
-0.02369516122175046,0.2772866360642929,-1.4401304393353542,0.25246276571304327,-0.6988746609374274,3
-0.009302872516013687,0.33095852669694015,-1.4491275251911186,0.2907462205976351,0.7084450082761574,3
-0.0672259412337702,-1.2259913648443739,-0.05143052843170741,-0.7908867655353887,-0.6083677045866205,3
-0.9320527272774007,0.09821474793527052,0.34654298262406913,0.20197617487645067,-0.6720288821639515,3
0.6672990625396471,-1.5637965360890558,0.467074184824841,-0.3155003060553756,0.7959562070562735,3
-1.4526291181493047,1.9750783229677513,2.3588952119187407,0.3180719379285287,0.6865596596191825,3
-0.39746416724441413,-1.8997907868118884,-0.5494706327551768,0.41963801624755576,-0.01961275485229211,3
0.6269291196778003,0.4995031073621151,2.3771913957489366,0.40149718225853614,0.71505892246176,3
0.2163567211580002,0.03828710468757345,0.8871369183930882,-1.2525100406286707,0.7739895627924518,3
0.04839737004369612,-0.02497814081489051,0.9199981455973449,-1.5082201429272972,-0.025487038559285146,2
-1.5079971062359134,-0.956764690356339,-1.6786289671306955,-0.02844453951233726,-0.03506534448695252,4
1.6050463505458339,0.7427086601545841,0.6957590183086418,-1.9422958102055474,-0.655967887435749,3
0.15568898837804432,0.7499081119666839,0.2113256469789881,-0.8373661383621918,0.7340971108110587,3
-0.1719301888925274,-2.531375807740552,0.08926327058347586,0.21755584069655212,0.00955764474107993,3
-1.001593451489974,-0.1324866505577511,-1.2308794576096274,-1.0302725152783667,-0.03742133113547493,3
0.1412966996723076,0.696236221334037,0.22032273283475226,-0.8756495932467839,-0.6732225584025261,3
0.5518156261493675,0.4274863978062437,-0.32243856503485574,-1.1543347551350356,0.006978820791673524,3
0.7078623523314215,0.29516580458689157,0.7716886732955577,-0.6559732360653976,-0.06837524811136882,2
-0.21769989809996484,-1.2523554605621725,-0.02335024621202463,-0.9656650373662719,0.8096740170149849,3
0.6355153168434465,0.7615303300380493,1.2344263283796022,0.059009736438233325,-0.10170371568537971,2
-0.23780434108814705,1.3182278873928852,-0.3945470291554081,-0.8909940651098147,-0.09454989013405017,3
-2.4856086022371655,-0.6862427938821848,0.5749982507839619,0.6787002177378518,0.7686506204522701,3
0.2508272472020734,-1.3111758739714354,1.0129636619155429,-0.06492424186728715,-0.6232478249552804,3
-1.828730990625031,0.16439934163420103,0.9946674780853473,-0.14834948619729393,-0.6517470877978581,3
-0.608100122023783,-0.7008064259839526,-0.6250067814752308,-0.9766445885307434,0.7912256698096339,3
-0.5155809119398265,-0.15440591418234928,-0.19934649446663333,-0.04859988931163785,0.7471751498476019,3
0.334473465853412,-1.7070977679419652,0.5370127801045448,-0.7842721350694772,0.007201658092557504,3
0.5200176208881067,-0.10056929507213502,1.960528194596103,-0.5648309718451608,-0.6482102267897928,2
0.32636438535644674,-1.762178247711012,0.5481807831454301,-0.7698625047989706,0.08080257933383758,3
0.39855654000606877,0.9837591205667872,-1.0886248884776508,1.6066309183630985,-0.7643692856755011,4
-0.011582477582142115,0.31775993263323843,-1.4454877955859347,0.2620259062138176,-0.03163286874711199,3
1.086837777769749,-0.6657394603912555,-0.3109721049598355,0.7005453214729366,-0.683422071302767,3
1.4108581146311667,2.11858775089734,-0.7653207099098764,1.2396232020449347,-0.20177041401425932,4
-0.5299732006455631,-0.20807780481499638,-0.1903494086108693,-0.08688334419622984,-0.6601445193659826,3
0.276898838615829,-1.0122475015108359,-0.13458235043836522,-0.32647985721984696,0.7775078598509224,3
0.5316969235961259,0.1446871867558172,0.8219792680979585,-0.8646700420823127,-0.6547742111971749,3
-0.6224924107295198,-0.7544783166165999,-0.6160096956194666,-1.014928043415335,-0.6160939994039509,3
-1.1292761850201136,-1.7535702067625116,0.06157649463065488,0.28237408188928587,-0.010053012874219346,3
-0.7324030778039408,1.0781199283415488,-0.28331492492906757,-1.5301792452562406,-0.06238373296998737,3
1.810203473266989,2.1183088948082167,0.4026617591930225,-0.37587112482005913,-0.08231589537096447,3
2.2527064148034137,0.4786825248091145,-0.011532067740554297,0.5509642525688067,-0.7286662675033733,3
1.595954418513406,-0.03304601178797335,1.2663292452036132,0.036839870828650895,0.7281055956696773,3
-0.02050505855535162,0.29264878777587483,-1.442175663021423,0.26250747528499,-0.02815272422232037,3
-0.77615279841577,-0.2585903387375421,2.577566381689146,1.0529994969508207,0.737696703476376,3
-0.8597056917894259,-0.36814977751588734,-0.11619467245997574,-0.5130067976271794,-0.6387004145899409,3
1.6740813398916252,0.4596826093809828,1.7009866180679747,0.9266011151631645,-0.7232645935059392,2
-1.001593451489974,-0.1324866505577511,-1.2308794576096274,-1.0302725152783667,-0.03742133113547493,3
0.5311911887293442,-0.36904026251080546,0.2497844276235954,0.7719781931315818,-0.08746336623888819,2
3.6585013188947015,1.0451913797134649,0.917644786961615,0.237584462998267,0.6625796051029778,3
-0.674541656299386,1.0635648450066177,2.4326564418027727,0.0019085151357285432,-0.690427299591082,3
-1.840410293333051,-0.08085714019375206,2.133216404583492,0.15148958403985788,-0.6451831033904761,2
-1.0133983695201196,-0.7166567313050027,-1.7898610713570366,0.6107406406340877,-0.06723150165101523,4
1.0374692281531572,0.11632417836848348,-0.9999966031008892,1.111324303040855,-0.12619350781033298,4
-1.0213818346949581,-0.43282361215475146,-0.08116252807059733,-0.7160238147707082,0.04274357451318717,3
-2.066324391229593,0.375914030387589,2.6198182010160296,0.6490459091294541,-0.07066850310263907,2
-0.7991635743315963,-1.4186843837142968,-1.1379139412914288,0.4130233857816438,-0.6351821175314701,4
-2.8907812344113757,-0.36317950028393675,1.1076745011477098,0.9249113612273807,-0.0534323960854568,3
0.17646389496483394,2.308533491045631,1.6656570649887341,-0.8635903678645559,-0.05006943870792141,3
-1.0128926346533385,-0.2029292820383799,-1.217666230882673,-1.025907594579807,-0.6345423466093019,3
0.9939384481411372,-1.3869538225401832,0.3887033078027573,0.06797477179242264,-0.03568655145952617,3
-0.17726222363031718,0.26769328119447633,-1.4162662979868617,0.03503611829900869,-0.09103159307557956,3
-0.9090742414060177,0.41391386124385204,-0.8052191706010295,-0.10222781605926097,-0.08147185109750678,3
0.6040439590841007,-0.32167733869534076,0.3592416130139142,-1.5796530145859435,-0.6214457436231638,3
1.3241766741517813,-0.7131544005726692,0.8867434121262268,-1.1425500099905217,-0.6244415011938547,3
-1.4181585921052318,0.6256153443087425,2.484721955441196,1.5056577366899133,-0.7106777281285498,2
-1.519296289399278,-1.0272073218369677,-1.6654157404037415,-0.024079618813777466,-0.6321863599607795,3
-0.7639963790390706,0.1936128859972975,0.3074203908625535,0.4250826111638727,-0.012028997836865594,3
1.477238001693567,-1.2172884949694749,0.2906844303033706,0.7115248726374073,-0.6649737240974157,3
0.2709994217980552,-0.29841083671867413,1.9013616040081849,1.5781034298554488,-0.700626812491323,2
-1.2851438238373014,-0.552370188421526,2.6977955717712505,0.3755308619198043,-0.637456808573146,2
0.06316977829408765,0.2035076001650808,-0.21433464002960934,-1.7654108375812971,0.7781476307730905,3
-0.7555071789974502,0.42350721611366904,-0.8290833119495228,0.11519883135477373,-0.6893149189593546,3
1.161897799255441,-1.3236885770377194,0.3558420805985002,0.3236848740910494,0.7637900498922106,3
-0.4261548073982427,0.4087653384672355,0.22209765167077444,0.8367964343243159,-0.10707402385418749,3
0.776897341677213,0.012139753813290726,1.7769162730548909,2.2129236893033135,-0.13567195418155892,2
-1.692651735012829,-1.3371376383037847,-0.4918346695162188,0.07274243427984559,0.05582161354973055,3
1.1104476138300405,0.5026007011032475,0.8069911225349823,-2.5814809903519724,-0.6238017302716865,2
-0.2437714895137206,-1.551283833022772,1.1241957661418835,-0.7041094220137124,-0.5910816677912175,2
0.7692179702654948,-0.785338136523201,-0.2421747250595221,0.2839850085427602,0.00526382566359023,3
-1.7478910832490937,0.46554337160785153,2.558876691592089,1.0795342832589632,-0.6892336233525079,3
1.3123717561216357,-1.2973244813199207,0.32776179837881747,0.4984631459219327,-0.654251671709395,3
1.0523672517256755,0.6837235182677535,-0.4367988484822906,-0.4870404772884477,0.713815316444965,3
0.42686706061524227,-1.4996108550596603,-0.7348574731324111,1.4849466498249309,-0.07322301679239669,4
0.6364544326418163,1.0704745940456637,2.9398127391015283,-1.2682362880377347,0.004791215954031033,2
0.5315713082739992,-0.19422641216348135,-0.8755512721475948,0.47650404359298987,-0.6911483661200972,3
1.263508941371826,-0.0015333932935585688,0.2109321407121266,-0.7274061077240432,-0.6643339531752478,3
-0.06679256030218092,-1.430774550103381,1.0817610418158565,-0.4814845547974628,0.06543807201107682,2
0.15830803711811656,-1.857576385773039,0.5873033749069455,-0.9929689410863927,-0.5791973049932485,3
1.1012300664754855,-0.6120675697586085,-0.31996919081559955,0.7388287763575282,0.7238975979108178,3
1.9347788416896974,0.9027806328554746,0.6216042821577482,-1.5161723567745973,-0.6774119922117909,2
0.42996016615761484,-1.5163815959076417,-0.7306413322612212,1.5275950254080828,0.7369756369473609,3
0.060076672751715104,0.2202783410130623,-0.21855078090079935,-1.80805921316445,-0.03205102296666719,3
-0.27836763087992034,-0.5407344532830616,-0.6991615176261246,-0.5505211350997934,0.769781565033592,3
0.17270032582385317,-1.803904495140392,0.5783062890511815,-0.9546854862018005,0.8281223642203358,3
0.5024328169677159,-1.6438325224395012,0.5041515529002876,-0.5285620327708506,0.8066782594442943,3
-0.4580062847022433,-0.8492561806134783,0.47224863607627654,-0.5063921671612681,-0.023131051910762715,2
0.9363638209035543,-0.6921035561090539,-0.2828918227401528,0.5257670496420532,0.7346196502988387,3
1.3066596018391907,1.3269307572677838,-0.05243207042032974,0.6114175730629814,-0.1511559096448454,4
0.36670506270206793,-0.27426239851392686,-0.8384739040721477,0.26344231687751474,-0.6804263137320764,3
-1.8260180046273138,-0.027185249561104814,2.124219318727728,0.18977303892444947,0.7621365658231085,3
0.7692179702654948,-0.785338136523201,-0.2421747250595221,0.2839850085427602,0.00526382566359023,3
-0.41447550469022343,0.6540218202951886,-0.9164512748273702,0.536957364087164,-0.11363800826156954,3
0.05136486026394216,-0.3806624805821707,-0.7733162537770183,-0.12439768166884348,0.7483374602575501,3
0.8177730194058419,-1.537432440371257,0.4389939026051581,-0.14072203422449245,-0.6220855145453321,3
-0.6831601435094754,-0.04285730933748885,-1.291820967033567,-0.5997841411488567,-0.6559864513853436,3
0.8290722025692058,-1.4669898088906286,0.425780675878204,-0.14508695492305218,-0.024964499071505233,3
0.15259588283567163,0.7666788528146655,0.2071095061077982,-0.8800145139453432,-0.07610154292869903,3
0.4971007822299258,1.1552365664955282,-1.0013780156700502,-0.7110817551683938,0.7060890216276348,3
1.098136960933113,-0.595296828910627,-0.3241853316867896,0.6961804007743764,-0.08630105582894002,3
0.4854214795219069,0.9099800846675747,0.13717091082809438,-0.41124268493124216,0.7126530060350168,3
-0.011890243191604784,0.8614567168115443,-0.8811488255879452,-1.388550390199411,-0.669064490421887,3
0.29754812988049206,0.20746427864881228,-0.37778147267417217,0.9884699989530921,-0.043032844590980175,3
0.7195416550394401,0.5404222864148439,-0.36686025320258664,-0.9558123063025492,-0.07493923251875086,3
0.9894199138795913,1.3821459314831626,-1.1089703902912067,-0.10061688940578674,-0.0661550125596972,3
-0.6197794247318023,-0.9460629078119054,0.5135421450229134,-0.6768055182935915,0.7977896542170159,3
0.6672990625396471,-1.5637965360890558,0.467074184824841,-0.3155003060553756,0.7959562070562735,3
-0.39437106170204167,-1.9165615276598689,-0.5452544918839868,0.46228639183070713,0.7905858988874657,3
-0.18856140679368158,0.19725064971384756,-1.4030530712599076,0.03940103899756833,-0.6881526085494066,3
0.0980736852697503,-1.3507385637529352,1.0446836737404095,-0.26842282808198786,0.05471601962305591,2
-2.8440317335348566,1.462241358696048,1.420721271360806,0.6697351823836626,0.7026334562264165,3
-0.518293897937544,0.03717867701295669,-1.3288983351090138,-0.38672241443338157,-0.6667085037733648,3
-0.02098217522403262,0.08570204486898715,-0.3105785986929739,0.5905852908347871,0.7150089926835393,3
2.0999528528710907,0.4391198350276146,0.020187944084312067,0.34746566635410625,-0.050702422925036836,3
-0.46968558741026256,-1.0945126624414312,1.610797562574421,-0.20655309692411633,-0.016567067503380675,2
-0.1858484207959639,0.005666058518541569,-0.2735012306175272,0.37752356411931215,0.7257310450715603,3
0.6358954363881014,0.9363441803853735,0.10909062860841173,-0.23646441310035904,-0.7053887155665887,3
-0.6224924107295198,-0.7544783166165999,-0.6160096956194666,-1.014928043415335,-0.6160939994039509,3
-1.322452951201219,0.6497637825134905,-0.2551135526391374,0.1909966237119794,-0.6904772293693028,3
0.919352483457745,1.8617090509980225,-0.6498724648123465,0.6430863974816619,0.6405943968895611,4
0.35515137531617536,-0.18060528142258,1.9976055626715492,-0.777892698560636,-0.6374881744017719,2
1.5927356976489069,-0.3551888698592904,-0.43541743591313,1.3353655809208016,-0.11846721299300284,4
0.5918589215092999,-1.0806612697899158,0.9255956990376952,0.35683429086510304,-0.04757091425749526,2
-1.2937623110473904,-1.6587923427656328,-1.0266818370650883,-0.2261617943647813,-0.6030159603674075,3
2.1629001907171745,-0.2593025781877948,0.6923594858932282,-0.03895792152855442,0.7292679060796253,3
-0.13995309626640007,-0.93444068974054,1.5366428264235275,0.2195703565068336,-0.03801117227942252,2
0.1614981397845154,-1.8422142340614578,0.5852581512208769,-0.9829242315144459,0.09152463172185848,3
0.6706788402896302,1.8362133744412068,-0.483689910869278,-2.1816815599485246,-0.08502151398460352,3
1.6534034304288625,-1.0668098771384011,0.24039383550096988,0.9202216786543228,-0.07857476101160984,3
-0.06760606077842529,-1.4008052151916979,1.0739051713394825,-0.49541261599679653,-0.00468270470541159,3
-0.07293809551621554,1.3982638737433304,-0.4316243972308551,-0.6779323383943396,-0.10527194252207109,3
-1.5110579217338427,-0.09559901784018426,3.1843973682037876,0.8730871870093996,-0.06294220828530889,2
0.5024328169677159,-1.6438325224395012,0.5041515529002876,-0.5285620327708506,0.8066782594442943,3
-0.6224924107295198,-0.7544783166165999,-0.6160096956194666,-1.014928043415335,-0.6160939994039509,3
-0.9207535441140366,0.16865737941589917,0.33332975589711483,0.1976112541778912,-0.07490786669012478,3
1.3267640448273723,-1.2436525906872735,0.31876471252305333,0.5367466008065247,0.7530679975041896,3
-0.6516887857501298,1.0403503593959011,-0.41663625166787865,1.0388786098753195,-0.13624442344755952,3
-0.3651069550736319,-0.12804181846455095,-0.22742677668631617,0.1261783825192451,-0.6708665717540034,3
1.8069704928374297,-1.0572165222685836,0.21652969415247691,1.137648326068357,-0.6864178288734579,3
-1.0128926346533385,-0.2029292820383799,-1.217666230882673,-1.025907594579807,-0.6345423466093019,3
-1.024571937361357,-0.44818576386633313,-0.07911730438452882,-0.7260685243426547,-0.6279783622019198,3
-0.5267830979791643,-0.19271565310341504,-0.19239463229693798,-0.07683863462428285,0.010577417349124416,3
-0.6718609603461114,0.027585322143139676,-1.305034193760521,-0.6041490618474161,-0.05886543591151678,3
0.7200473899062221,1.054149735681467,0.2053345872717763,-2.5924605415164432,-0.6422500774770376,3
0.20158431290760812,-0.1901986362923975,2.021469704020043,-0.9953193459746705,-0.02964510653992407,2
0.10035329033587868,-1.337539969689234,1.041043944135226,-0.23970251369817014,0.7947938966463252,3
0.03671806733567677,-0.2702346226428428,2.0585470720954895,-1.2083810726901458,-0.018923054151903124,2
1.0610790642134484,1.2846643398629867,0.11796662439392853,-2.170702008784053,-0.0665731667792524,3
1.2630032065050445,-0.5152608425601813,-0.36126269976223624,0.9092421274898513,-0.09702310821696097,3
-1.5079971062359134,-0.956764690356339,-1.6786289671306955,-0.02844453951233726,-0.03506534448695252,3
-1.0132727541979931,-0.37774313238570423,-0.09233053111148275,-0.7304334450412145,-0.03085734672809289,3
-0.12518068801600823,-0.705954948760569,0.40231004079657295,-0.03762033814716663,0.7656234970529532,3
-0.18856140679368158,0.19725064971384756,-1.4030530712599076,0.03940103899756833,-0.6881526085494066,3
-0.9090742414060177,0.41391386124385204,-0.8052191706010295,-0.10222781605926097,-0.08147185109750678,3
-0.11659449085036161,-0.4439277260846345,-0.7404550265727615,-0.38010778396747014,-0.05113914109418658,3
2.157568155979384,2.5397665107472345,-0.8131700826771093,-0.22147764392609773,0.6286786682629661,3
-0.02356954589962368,0.6162002349835913,0.25740010091019894,-1.0887113199622587,-0.662500506014505,3
-0.33032355117210327,0.771827375591282,-0.820207316164006,-1.8190387643289199,-0.05049937017201831,3
-1.0213818346949581,-0.43282361215475146,-0.08116252807059733,-0.7160238147707082,0.04274357451318717,3
0.8756960881235991,0.01951745117005669,-0.9587030941542528,0.9409109519085319,0.6947271983174457,4
0.8177730194058419,-1.537432440371257,0.4389939026051581,-0.14072203422449245,-0.6220855145453321,3
-0.344905514961424,-2.6664922738600447,0.13750864169980823,0.018903744251583574,0.09388061837038096,3
1.488537184856931,-1.1468458634888463,0.27747120357641647,0.7071599519388482,-0.06785270862358893,3
0.6847582511379116,-0.35944690764098886,0.22592028627510258,0.989404840545617,-0.6953064341007361,3
2.313374147583369,-0.232938482469996,0.6642792036735454,0.135820350302328,-0.68877381552198,4
0.508212702857961,-0.6847393758193865,1.401546580848694,1.0761821840672938,-0.6780203973053333,2
0.23369029443413758,0.9037231342163419,-1.0515475204022038,1.3935691916476238,-0.7536472332874804,4
-1.001593451489974,-0.1324866505577511,-1.2308794576096274,-1.0302725152783667,-0.03742133113547493,3
-0.5272602146478457,-0.399662396010302,0.939202432031511,0.25123918092551384,0.7537391342549841,3
-1.024571937361357,-0.44818576386633313,-0.07911730438452882,-0.7260685243426547,-0.6279783622019198,3
0.6960574343012758,-0.28900427616035995,0.21270705954814864,0.985039919847057,-0.09818541862690915,2
-1.4906312429153323,0.7530662708406022,1.2499290702796868,3.5618147948688463,-0.7803803506254829,4
-0.11659449085036161,-0.4439277260846345,-0.7404550265727615,-0.38010778396747014,-0.05113914109418658,3
-0.12789367401372578,-0.5143703575652631,-0.7272417998458073,-0.37574286326891043,-0.6482601565680133,3
-0.33032355117210327,0.771827375591282,-0.820207316164006,-1.8190387643289199,-0.05049937017201831,3
0.8119352498012704,0.7479091992971489,-1.6387305064395425,1.3134064785918589,-0.15536390740370504,4
0.4852958641997803,0.5710664857482767,-1.5603596294174589,0.9299314007440608,0.6762788511120943,4
-0.6687678548037387,0.010814581295158356,-1.300818052889331,-0.5615006862642649,0.751333217828241,3
0.37812986118755865,0.1350938318860005,0.8458434094464514,-1.0820966894963473,-0.04693114333532699,3
-2.0516775983013282,0.2654861724482618,-0.21204512485647894,1.7330293001507562,0.6965920113068145,3
-1.004453234808115,-0.1653865528159057,-1.2235351375173429,-1.015733237395378,0.0337746697869285,3
2.874607765504693,2.1650601897178867,-0.28988442443598683,0.17297698508617151,-0.18451574304748247,3
0.8033490526356238,0.4858819766212145,-0.49596543907020824,1.6558939244121629,0.6613987307434346,4
0.6588739222594842,1.252043293693955,-1.042671524616687,-0.5406684040360704,-0.1148316845001438,3
-0.4549131791598708,-0.8660269214614599,0.47646477694746653,-0.4637437915781165,0.7870676018289949,3
-0.3272304456297306,0.7550566347433005,-0.8159911752928162,-1.7763903887457693,0.7596992835677394,3
-0.2438971048358471,-1.8901974319420711,-0.5733347741036691,0.6370646636615901,-0.62745582271414,4
-0.6341717134375386,-0.9997347984445529,0.5225392308786776,-0.7150889731781837,-0.6095300149965688,2
0.41600125838346746,-1.7748366717992958,0.41154732384210635,1.7987137812614171,0.0034617443314737787,2
-0.7324030778039408,1.0781199283415488,-0.28331492492906757,-1.5301792452562406,-0.06238373296998737,3
-0.6687678548037387,0.010814581295158356,-1.300818052889331,-0.5615006862642649,0.751333217828241,3
-0.11659449085036161,-0.4439277260846345,-0.7404550265727615,-0.38010778396747014,-0.05113914109418658,3
1.520894397027714,0.6249031048584903,0.5995150596452774,0.4137003182105374,-0.7191065255253005,2
-0.1512522794297643,-1.0048833212211683,1.5498560531504812,0.22393527720539352,-0.6351321877532496,2
0.4854214795219069,0.9099800846675747,0.13717091082809438,-0.41124268493124216,0.7126530060350168,3
0.036972571558205464,-0.4343343712148177,-0.7643191679212542,-0.16268113655343547,-0.6589822089560348,3
0.21313800029350072,-0.2838557533837437,-0.814609762723655,0.04601566946347995,-0.07258324587022838,3
-0.34200285388012236,0.5265708937633291,0.31834161033413877,-1.519199694091769,-0.04393538576463626,3
1.9373662123652877,0.37228244274087074,0.053625582554575286,0.16312425402244882,0.7000975064862534,4
-0.4809847705736267,-1.1649552939220593,1.624010789301375,-0.2021881762255566,-0.6136880829772079,2
0.15259588283567163,0.7666788528146655,0.2071095061077982,-0.8800145139453432,-0.07610154292869903,3
0.6501621097717114,0.651102472098722,-1.5974369974929057,1.1429931274595355,0.6655567987240736,4
0.8006360666379061,0.6774665678165207,-1.625517279712589,1.317771399290419,-0.7524849228775322,4
-0.24651615357591966,0.7172870657976524,-0.9493125020316271,0.7926674663857908,0.6858385930901671,3
-0.9898818587375112,0.9571647629383739,2.497814092097902,-0.385931483410629,0.7383364743985442,3
2.206430970729195,1.243975422720872,-0.6963404250104183,1.0043916097198775,0.6387609497288186,4
0.4822027586574078,0.587837226596258,-1.564575770288649,0.8872830251609093,-0.13391980262766326,4
3.3287688277508387,0.8851194070125746,0.9917995231125093,-0.18853899043268385,0.6840237098790194,3
0.953948624823945,0.8511596712583116,1.1734848189556628,0.48949811056774306,-0.7202688359352486,2
1.049274146183303,0.700494259115735,-0.4410149893534806,-0.5296888528715993,-0.09638333729479266,3
0.24580297807374582,0.944196430785287,-1.0569048766527838,1.4031323321483982,-0.08640544109716476,4
0.8355450858615616,1.916249360791652,-0.5207672789447246,-1.9686198332330498,-0.0957435663726244,2
-1.18994391780007,-1.0419491994834011,-0.6142347767834448,0.6975179841557646,-0.04994546485561229,4
0.276898838615829,-1.0122475015108359,-0.13458235043836522,-0.32647985721984696,0.7775078598509224,3
-0.703805762927796,-0.7249548641887005,2.114828726605102,0.3380165244471904,0.771025171050387,3
0.14117108435018091,0.35732262241473844,-1.4772078074108008,0.4655244924285183,-0.7095967133254484,3
0.43655866477209665,2.205771172693937,0.02034125316140336,-1.6371119385772173,0.7025707245691641,3
-0.518293897937544,0.03717867701295669,-1.3288983351090138,-0.38672241443338157,-0.6667085037733648,3
-1.7568896900038382,-0.8156926330835796,-0.040265017473059495,0.7733157765129702,-0.0511077752655605,3
-0.9207535441140366,0.16865737941589917,0.33332975589711483,0.1976112541778912,-0.07490786669012478,3
-0.608100122023783,-0.7008064259839526,-0.6250067814752308,-0.9766445885307434,0.7912256698096339,3
0.25679439562764694,1.5583358464442214,-0.5057791333817487,-0.25180888496339,-0.1267160472981129,3
-2.1758549387593584,2.383326125693062,1.8271772719352377,-0.1616794422500434,-0.12064323654988471,3
-0.7991635743315963,-1.4186843837142968,-1.1379139412914288,0.4130233857816438,-0.6351821175314701,4
0.32042961862784897,0.49103049939783133,-1.5232822613420123,0.7168696740285851,0.6870009035001154,3
1.30056683809149,-1.881494562067172,-0.23121981536859146,2.139476301834386,-0.6840618422249354,4
0.3087503159198299,0.24577401756987785,-0.38473333484386757,1.016708744265737,0.6935648879074976,3
-0.29275991958565717,-0.5944063439157086,-0.6901644317703606,-0.5888045899843853,-0.6375381041799927,3
-0.33032355117210327,0.771827375591282,-0.820207316164006,-1.8190387643289199,-0.05049937017201831,3
0.09726018479350601,-1.3207692288412525,1.0368278032640355,-0.28235088928132174,-0.015404757093432515,2
-0.9437320299854194,-0.14704173389268227,1.485091909122213,0.5018152451136021,-0.6654648977565696,2
-1.6697702462654729,-1.0535714175547666,-1.6373354581840596,-0.19885789064466,0.7858553616408263,3
-0.44632698199422427,-0.6039996987855255,-0.6663002904218678,-0.8062312373984201,-0.029695036318144772,3
-0.518293897937544,0.03717867701295669,-1.3288983351090138,-0.38672241443338157,-0.6667085037733648,3
-0.6342973287596648,-1.338648397363851,-1.1749913093668756,0.6260851124971183,-0.6459041699194913,3
-0.5762486447197823,0.5572150930967612,-0.8751577658807335,0.3665440129548407,0.7072826978662093,3
-0.6197794247318023,-0.9460629078119054,0.5135421450229134,-0.6768055182935915,0.7977896542170159,3
1.1475055105497043,-1.3773604676703661,0.36483916645426423,0.2854014192064578,-0.643529619321374,3
0.4880405282619791,-1.6975044130721475,0.5131486387560517,-0.5668454876554421,-0.6006414097692903,3
-0.1970506068353019,-0.03264368040252398,-0.26654936844783156,0.34928481880666695,-0.010866687426917414,3
-1.261785218421263,-0.06185722476562037,0.42069771877496254,-0.22414727855449923,-0.6505847773879097,3
-0.7995436938762516,-1.5934982340616208,-0.012578241520238478,0.7084975353202357,-0.03149711765026115,3
-0.25819545628393875,0.47203058396969955,0.18923642446651742,1.092506536622943,0.692402577497549,3
-2.4531543929423565,1.1176390670247147,0.8907807422955631,0.3526369179983363,-0.02207991347409214,3
-0.4549131791598708,-0.8660269214614599,0.47646477694746653,-0.4637437915781165,0.7870676018289949,3
0.771497575331623,-0.7721395424594995,-0.24581445466470575,0.312705322926578,0.7453417026868593,3
-0.6687678548037387,0.010814581295158356,-1.300818052889331,-0.5615006862642649,0.751333217828241,3
1.1422990911340416,1.7606222201839616,0.55684013812948,-1.2382923888663884,-0.7077447022151111,2
-1.5049040006935406,-0.9735354312043205,-1.6744128262595057,0.014203836070814171,0.775133309252805,3
-1.4729269080674132,0.6233996867956918,-0.2270332704194547,0.016218351881096226,0.7275644922323027,3
1.5958288031912793,-0.37195961070727207,-0.43120129504194,1.3780139565039533,0.691731440746755,4
0.5747219687413639,1.1342377383978608,-1.1389154832800514,1.8153277243800146,-0.177970322589695,4
-0.6687678548037387,0.010814581295158356,-1.300818052889331,-0.5615006862642649,0.751333217828241,3
1.850246768626921,0.6101612272120563,1.6506960232655736,1.1352979211800798,-0.13686563042013322,2
-0.8134619257796887,0.9435436321974736,-0.37534274272124174,0.8684652587429958,0.6846762826802192,3
2.091030271897881,0.41400869017025044,0.0235000766488237,0.3479472354252789,-0.047222278400245184,4
-0.28956981691925804,-0.5790441922041272,-0.6922096554564292,-0.5787598804124384,0.033183832535114414,3
1.6975655606297908,1.2891091719561871,1.1214193053172394,-1.0142511109864418,-0.700018407397781,3
0.6501621097717114,0.651102472098722,-1.5974369974929057,1.1429931274595355,0.6655567987240736,4
-0.22943708452231037,1.7468228438983948,-0.06513070081017511,2.3930467625253744,-0.20173904818563324,4
0.968215298207555,0.5659179629716601,-0.533042807145655,1.8689556511276366,0.6506766783554138,4
-0.1512522794297643,-1.0048833212211683,1.5498560531504812,0.22393527720539352,-0.6351321877532496,2
-0.9757091226115466,-1.7439768518926955,0.03771235328216226,0.49980072930332065,-0.6178960807360673,2
0.47374217681388753,0.6647236028396221,1.2757198373262388,-0.11140361469409014,0.7192169904423988,3
-0.8566412044451538,-0.6917012247236042,-1.8157704363915979,0.8382119976200693,-0.004352632797756115,4
-0.24651615357591966,0.7172870657976524,-0.9493125020316271,0.7926674663857908,0.6858385930901671,3
-1.8261436199494407,-0.3660988484804032,0.42668877848217435,1.530947124599752,0.7257624109001862,3
0.6593796571262664,1.7657707429605776,-0.4704766841423242,-2.1773166392499648,-0.6821425294584306,3
-1.5714711502912706,0.4519222408669513,-0.3142801432270549,2.333931025412589,-0.742893815070833,3
1.8418795120610845,0.18156627070654732,1.3212796949203407,-2.1487429064551105,-0.029676472368550137,3
-0.5299732006455631,-0.20807780481499638,-0.1903494086108693,-0.08688334419622984,-0.6601445193659826,3
-0.03537446392976934,0.032030154236340064,-0.3015815128372098,0.5523018359501951,-0.6923106765300455,3
0.5687548203157903,-1.7352739820177954,0.3798273120172402,2.002212367476117,-0.6745021002468623,3
0.543809607235734,0.18516048332476254,0.8166219118473783,-0.8551069015815385,0.01246758099314054,2
-0.3767862577816509,-0.37329830029250377,0.9111221498118285,0.42601745275639685,-0.6643025873466216,2
-0.2320921868057016,-1.3060273511948197,-0.014353160356260308,-1.0039484922508641,-0.5976456521985998,3
-0.15387132816983623,1.6026011765185548,1.1738783252225238,0.3795380799295934,0.6781622280510579,3
0.2625065499100925,-1.0659193921434829,-0.12558526458260108,-0.364763312104439,-0.6298118093626626,3
-1.476020013609786,0.6401704276436736,-0.23124941129064452,-0.02643002370205582,-0.08263416150745495,3
1.161897799255441,-1.3236885770377194,0.3558420805985002,0.3236848740910494,0.7637900498922106,3
-1.0708473814355763,0.3171071340454248,-0.7639256616543929,-0.2726411671915844,0.7394488550302719,3
0.7689102046560318,-0.24164135234489484,0.3221642449384674,-1.366591287870468,-0.6321677960111849,3
-0.2900469335879394,-0.7859909351110144,0.43938740887201955,-0.2506820648626416,0.7763455494409742,3
-1.0826522994657217,-0.2670629467018265,-1.3229072754018016,1.3683719887208694,0.7096386845147317,4
-0.6718609603461114,0.027585322143139676,-1.305034193760521,-0.6041490618474161,-0.05886543591151678,3
0.5949520270516723,-1.0974320106378979,0.9298118399088853,0.39948266644825475,0.7626277394822626,2
-0.24960925911829226,0.7340578066456338,-0.9535286429028172,0.7500190908026393,-0.12436006064959049,3
-1.1261830794777412,-1.7703409476104932,0.06579263550184514,0.3250224574724374,0.8001456408655383,3
0.09726018479350601,-1.3207692288412525,1.0368278032640355,-0.28235088928132174,-0.015404757093432515,2
-0.8336341003756698,-0.06922140505528684,-1.2637406848138844,-0.77456241297974,0.7620552702162617,3
2.4782403931553003,-0.15290249611955053,0.6272018355980985,0.34888207701780327,-0.6994958679100011,3
0.47361656149176135,0.3258100039203236,-0.4218107029193145,1.229770470981212,0.6828428355194766,4
-0.20024070950170061,-0.04800583211410545,-0.26450414476176304,0.3392401092347201,-0.6815886241420245,3
0.06844392931755125,0.6488732975185721,0.11086554744443389,1.4759816144707412,-0.1392401810182503,4
-0.9320527272774007,0.09821474793527052,0.34654298262406913,0.20197617487645067,-0.6720288821639515,3
0.8756960881235991,0.01951745117005669,-0.9587030941542528,0.9409109519085319,0.6947271983174457,4
0.20133308226335547,-0.868025834130995,-1.3735913764710639,1.6870288253759338,-0.10239341638576871,4
-1.5273813740255346,2.08933065543591,1.1277420563624154,2.3455086817236452,-0.12322083990102026,4
1.156691379839778,1.8142941108166089,0.5478430522737158,-1.2000089339817968,0.6995749669984734,3
-0.2437714895137206,-1.551283833022772,1.1241957661418835,-0.7041094220137124,-0.5910816677912175,2
-0.7411148902917137,0.47717910674631564,-0.8380803978052869,0.1534822862393657,0.7180047502542299,3
-0.5039016092318073,0.09085056764560395,-1.3378954209647778,-0.34843895954878984,0.74061116544022,3
1.523481767703305,0.0944049147438861,0.03153636004210446,2.0929969290075836,0.6584029731727439,3
0.32914143111562183,1.0919713209930637,-0.9685167884657933,-0.9667918574670205,-0.09338757972410199,3
-0.23165880587411247,-1.5108105364538265,1.1188384098913031,-0.6945462815129378,0.07616012439909779,2
-0.03861436679256569,-0.175683598369139,0.8310985070262646,0.862315263371776,-0.01742967572643293,3
-0.4576261651575883,-0.6744423302661542,-0.6530870636949136,-0.8018663166998602,-0.6268160517919716,3
0.2163567211580002,0.03828710468757345,0.8871369183930882,-1.2525100406286707,0.7739895627924518,2
-0.5879279474278013,0.3119586112688087,0.26339116061741114,0.6663830831919928,0.713846682273591,3
0.26521953590780983,-1.2575039833387887,1.0039665760597791,-0.026640786982695314,0.7840718442583042,3
1.3267640448273723,-1.2436525906872735,0.31876471252305333,0.5367466008065247,0.7530679975041896,3
0.3289224905158121,1.2585390548226396,0.5036646072487744,2.6597364159884735,0.6161859003714548,4
0.27380573307345646,-0.9954767606628545,-0.13879849130955524,-0.36912823280299867,-0.03269079388883547,3
-0.052833652528033376,-1.1723194742117267,-0.06042761428747164,-0.7526033106507969,0.798951964626964,3
-0.7324030778039408,1.0781199283415488,-0.28331492492906757,-1.5301792452562406,-0.06238373296998737,3
0.6036638395394455,-0.49649118904266487,1.484577312785104,-1.2841788650473511,-0.017760743741954955,2
-0.7553815636753238,0.7624208150329674,0.868447228296031,-1.2259752543205285,-0.6529407640364323,3
-0.5416525033535823,-0.4533342866429491,0.9481995178872756,0.21295572604092192,-0.6535805349586007,2
0.6529067738339105,-1.6174684267217023,0.4760712706806049,-0.3537837609399676,-0.6113634621573113,3
1.6683014540013805,-0.4994105372391312,0.803591590119569,-0.6781431016749798,0.7614340632436881,3
-0.2262183636578111,2.068965701969712,1.6366159803065679,1.094521052433224,0.6448337604770469,3
-1.250105915713244,0.1833992570623328,-0.7178512077231818,-0.5239863487916512,-0.657148761795292,3
-0.11350138530798914,-0.4606984669326161,-0.7362388857015716,-0.33745940838431854,0.7590595126455711,3
-0.518293897937544,0.03717867701295669,-1.3288983351090138,-0.38672241443338157,-0.6667085037733648,3
-0.26939764232327673,0.43372084504863384,0.19618828663621302,1.0642677913102978,-0.04419515500092835,3
-0.591021052970174,0.32872935211679005,0.2591750197462213,0.623734707608841,-0.09635197146616657,3
-0.518293897937544,0.03717867701295669,-1.3288983351090138,-0.38672241443338157,-0.6667085037733648,3
1.8506268881715762,0.7849750775593811,0.5253603234943837,0.8398237716414869,-0.7405506303013423,2
-1.0708473814355763,0.3171071340454248,-0.7639256616543929,-0.2726411671915844,0.7394488550302719,3
-0.3219562946062671,1.2004223320967915,-0.4907909878187724,1.4650020633062695,-0.15768852822360144,4
0.7082424718760761,0.46997965493421573,-0.35364702647563256,-0.9514473856039897,-0.6720602479925779,3
0.1642751855436907,1.0119353346426188,-0.9314394203903464,-1.1798535841824955,-0.08266552733608105,3
1.3354758573151453,-0.6427117690920408,0.8735301853992723,-1.1469149306890813,-0.0273204857200277,3
0.5954291437203537,-0.8904852677310106,-0.20178522441956342,0.07140485089845812,0.019466022576402786,3
0.9773072302399828,1.3416726349142172,-1.1036130340406263,-0.1101800299065609,-0.7333968047500125,3
-0.8571183211138347,-0.8986479676304917,-0.6841733720631485,1.1662898131698658,0.7388090841081038,3
0.4709035754940436,0.5173945951156296,-1.5513625435616947,0.8916479458594685,-0.7310408181014902,4
0.4300857814797412,-1.1774679969883433,0.9668892079843321,0.1864209397327799,0.7733497918702833,3
0.43346555922972413,2.222541913541919,0.01612511229021336,-1.6797603141603696,-0.1076279291705935,3
0.378004245865432,-0.2038197670332983,-0.8516871307991022,0.259077396178955,-0.08330529825824932,3
0.9944441830079189,-0.87322637327356,0.9608981482771196,-1.5686734634214714,-0.6029973964178129,3
1.098136960933113,-0.595296828910627,-0.3241853316867896,0.6961804007743764,-0.08630105582894002,3
0.17270032582385317,-1.803904495140392,0.5783062890511815,-0.9546854862018005,0.8281223642203358,3
-1.4553421041470225,2.166662914163058,1.22934337127636,-0.020050587193214064,-0.7273239940017845,3
0.22484959304596253,0.8057956601123811,2.914083786983873,0.6903567013312177,0.7031745596637908,2
-1.7565095704591835,-0.6408787827362553,-1.1656007172442504,0.4778416269743778,-0.6547927751467694,3
-2.858424022240593,1.4085694680634009,1.4297183572165701,0.6314517274990711,-0.7046862129871682,3
-0.5468589227692455,2.6846484012113785,1.1402004895624906,-1.3107380820319239,-0.7177956178523379,2
-0.6197794247318023,-0.9460629078119054,0.5135421450229134,-0.6768055182935915,0.7977896542170159,2
-0.6224924107295198,-0.7544783166165999,-0.6160096956194666,-1.014928043415335,-0.6160939994039509,3
0.7721003073224306,-0.22627920063331344,0.32011902125239866,-1.3565465782985213,0.038554140703922185,3
0.5926724219855439,-1.1106306047015992,0.9334515695140692,0.37076235206443714,0.02254986245899318,2
-0.02369516122175046,0.2772866360642929,-1.4401304393353542,0.25246276571304327,-0.6988746609374274,3
-0.8278542144854252,0.8898717415648271,-0.36634565686547793,0.8301818038584042,-0.7226433865333655,3
0.12949178164216202,0.11206614058678546,-0.3386588809126566,0.7653635626656703,-0.7030327289180663,3
0.3580902473383214,-0.8430703275495964,-1.3995007415056255,1.9145001823619157,-0.03951454753250954,4
-2.9631282698993497,0.10318502516722118,1.5704121562317546,1.6398943337310108,-0.08676086365946774,3
-1.4028594776455667,0.14383656728083274,-0.6861311958983155,-0.7274849350063518,0.020815082783044385,3
-0.27836763087992034,-0.5407344532830616,-0.6991615176261246,-0.5505211350997934,0.769781565033592,3
0.2598875011700197,1.5415651055962398,-0.5015629925105587,-0.20916050938023847,0.6834826064416449,3
-1.4005798725794387,0.15703516134453427,-0.6897709255034989,-0.6987646206225345,0.7608929598063136,3
-0.6111932275661557,-0.6840356851359711,-0.6292229223464209,-1.019292964113895,-0.01897298393012381,3
1.6857606425996452,0.7049390912089358,0.5624376915698307,0.6267620449260118,-0.7298285779133212,2
-0.10772149941774435,0.498394679687498,0.16115614224683475,1.267284808453826,-0.7256391441040564,3
1.8506268881715762,0.7849750775593811,0.5253603234943837,0.8398237716414869,-0.7405506303013423,2
0.4971007822299258,1.1552365664955282,-1.0013780156700502,-0.7110817551683938,0.7060890216276348,3
-2.0398726802711824,0.849656253195513,0.3469364888909303,0.09201614423830184,0.7264021818223546,3
-0.0672259412337702,-1.2259913648443739,-0.05143052843170741,-0.7908867655353887,-0.6083677045866205,3
-0.7527941929997327,0.23192262491836324,0.30046852869285806,0.45332135647651767,0.7245687346616119,3
0.5922390410539549,-0.9058474194425918,-0.1997400007334948,0.06136014132651108,-0.6512559141387043,3
-1.5569532462634075,0.8445077304188968,1.3742533111627344,1.0310403946218787,0.7008000090656739,3
0.39855654000606877,0.9837591205667872,-1.0886248884776508,1.6066309183630985,-0.7643692856755011,4
-0.5039016092318073,0.09085056764560395,-1.3378954209647778,-0.34843895954878984,0.74061116544022,3
-1.4873191967731503,0.5697277961630448,-0.21803618456369045,-0.022065103003495526,-0.6797551769812819,3
-0.905981135863645,0.39714312039587024,-0.8010030297298398,-0.05957944047610911,0.7287268026422509,3
-0.78477128562586,-1.365012493081649,-1.1469110271471927,0.4513068406662354,0.7721375516821144,3
-1.4117820586187764,0.11872542242346885,-0.6828190633338038,-0.7270033659351794,0.02429522730783603,3
-0.7098307950676968,-0.3500317983158371,2.4532421408061,3.583773897197789,-0.7434836562147806,2
-1.001593451489974,-0.1324866505577511,-1.2308794576096274,-1.0302725152783667,-0.03742133113547493,3
0.025293268850186457,-0.6795908530427703,0.37422975857689006,0.13715793368371634,-0.6524182245486525,2
-0.518293897937544,0.03717867701295669,-1.3288983351090138,-0.38672241443338157,-0.6667085037733648,3
-0.3501119343770876,0.4714904139942821,0.32950961337502416,-1.5047900638212623,0.029665535476643808,3
-0.6718609603461114,0.027585322143139676,-1.305034193760521,-0.6041490618474161,-0.05886543591151678,3
-0.6831601435094754,-0.04285730933748885,-1.291820967033567,-0.5997841411488567,-0.6559864513853436,3
-0.29275991958565717,-0.5944063439157086,-0.6901644317703606,-0.5888045899843853,-0.6375381041799927,3
0.22494291832364632,0.30031432736350755,-0.25562814897624614,-1.5949974864489742,-0.04277307535468809,3
0.887501006153744,0.6036875319173082,-0.39972148040684363,-0.7001022040039226,0.7245373688329858,3
0.5024328169677159,-1.6438325224395012,0.5041515529002876,-0.5285620327708506,0.8066782594442943,3
-0.78477128562586,-1.365012493081649,-1.1469110271471927,0.4513068406662354,0.7721375516821144,3
0.37881774634167636,-0.2337891019449814,-0.843831260322728,0.2730054573782888,-0.01318452154176088,3
0.5315713082739992,-0.19422641216348135,-0.8755512721475948,0.47650404359298987,-0.6911483661200972,3
-1.1457817875991425,1.3139698496111871,0.2667906930328249,-1.2369548054850001,-0.6713891112417835,3
-0.11659449085036161,-0.4439277260846345,-0.7404550265727615,-0.38010778396747014,-0.05113914109418658,3
-0.30705827103374905,1.7678216719960615,0.07240676679982656,-0.13336271702303307,0.6823202960316967,3
2.3159615182589603,-0.7634366725846007,0.09630050407037236,1.8151169610993747,0.6887356831760643,4
-2.609911558017323,1.092683560443316,0.9166901073301251,0.12516556101235482,-0.0849587823273513,3
1.3702948248393927,0.2596254102213931,-1.0699351983805934,1.580096132054957,0.6625610411533827,4
-0.3093378760998774,1.7546230779323602,0.0760464964050101,-0.1620830314068507,-0.05775758099157265,3
1.9255612943351417,-0.21188763800638086,-0.5053560311928338,1.804137409934903,0.6702873359707131,3
0.12949178164216202,0.11206614058678546,-0.3386588809126566,0.7653635626656703,-0.7030327289180663,3
1.2953604186758265,1.2564881257871552,-0.03921884369337573,0.615782493761541,-0.7482769251186723,4
-0.24960925911829226,0.7340578066456338,-0.9535286429028172,0.7500190908026393,-0.12436006064959049,3
-0.4432338764518519,-0.6207704396335073,-0.6620841495506778,-0.763582861815268,0.7805036174216128,3
1.430962557619348,-0.4519955970577177,-0.39412392696649345,1.1649522297884787,0.702453493134776,4
-1.0419633943518214,1.9308129928934188,0.6792377533144679,-0.31327502696445414,-0.11831861572998832,3
0.21407711609187172,0.025088510623871987,0.8907766479982718,-1.2812303550124886,0.03391168576918237,2
-0.2604750613500671,0.4588319899059978,0.19287615407170133,1.063786222239125,-0.04767529952571998,3
-0.5186740174821991,-0.13763517333436784,-0.2035626353378234,-0.09124826489478942,-0.06302350389215564,3
1.697439945307664,0.9501955730368887,-0.5761112349283138,0.32692297468886083,-0.7363925623207033,4
-2.679165487962925,1.5422773450464933,1.3836439032853596,0.8827969090991377,0.6919114038383954,3
-0.7150079489671339,-0.7632646031097657,2.1217805887747976,0.30977777913454535,0.0344274385519094,2
0.26212643036543737,-1.2407332424908073,0.9997504351885891,-0.06928916256584691,-0.026126809481453402,2
-0.3044392222936762,-0.8396628257436617,0.448384494727784,-0.28896551974723356,-0.6309741197726106,2
1.367707454163801,0.7901236003359975,-0.5019564987774201,-0.09920047874208916,-0.7149484575446615,3
0.8756960881235991,0.01951745117005669,-0.9587030941542528,0.9409109519085319,0.6947271983174457,4
0.9918251342678468,1.7342581244661635,0.5849204203491633,-1.4130706606972716,0.7102970193864945,3
0.10035329033587868,-1.337539969689234,1.041043944135226,-0.23970251369817014,0.7947938966463252,3
-0.608100122023783,-0.7008064259839526,-0.6250067814752308,-0.9766445885307434,0.7912256698096339,3
-0.4432338764518519,-0.6207704396335073,-0.6620841495506778,-0.763582861815268,0.7805036174216128,3
0.771497575331623,-0.7721395424594995,-0.24581445466470575,0.312705322926578,0.7453417026868593,3
0.5459635969797362,-0.14055452153083428,-0.8845483580033588,0.514787498477582,0.7161713030934872,3
0.21326361561562754,0.055057845535555046,0.8829207775218978,-1.2951584162118221,-0.03620909094730608,2
0.9826392649777733,-1.4573964540208113,0.40191653452971104,0.07233969249098272,-0.6328075669333533,3
0.5752277036081457,1.6479651876644845,-0.5667206428056883,0.17867948916611953,-0.7452811675479817,3
0.3785099807322134,0.30990768223332443,-0.2794922903247388,-1.377570839034939,-0.6506161432165359,3
2.1917841778009275,1.354403280660198,2.1355229008620884,-0.07959178130142332,-0.12849956468063475,2
-0.3188631890638944,1.1836515912488101,-0.48657484694758246,1.5076504388894214,0.6525101255161563,4
0.5918589215092999,-1.0806612697899158,0.9255956990376952,0.35683429086510304,-0.04757091425749526,2
0.9337764502279629,-0.1616053659944496,0.28508687686302053,-1.1535295611549932,-0.6428898483992059,3
1.6539091652956441,-0.5530824278717783,0.8125886759753328,-0.7164265565595717,-0.6458856059698966,3
0.4103614580362144,1.5679292013140387,-0.5296432747302416,-0.03438223754935525,-0.7345591151599606,3
0.378004245865432,-0.2038197670332983,-0.8516871307991022,0.259077396178955,-0.08330529825824932,3
1.5846266171519412,-0.41026934962833733,-0.4242494328722447,1.349775211191308,-0.04486629175172274,3
2.1686800766074192,0.699790568432319,1.589754513841634,1.56578629530959,-0.7554307506700021,2
1.084344344351803,2.280658636267767,1.0105807073577606,-0.48502596147816573,0.6662464994244623,3
-0.24651615357591966,0.7172870657976524,-0.9493125020316271,0.7926674663857908,0.6858385930901671,3
0.4305628981484225,-0.970521254081456,-0.16470785634411658,-0.14165687581701725,0.030188074964423706,3
0.11203259304389789,-1.0922834878612815,-0.09750498236291831,-0.539541583935322,0.7882299122389431,3
-0.608100122023783,-0.7008064259839526,-0.6250067814752308,-0.9766445885307434,0.7912256698096339,3
1.0751584750617296,-0.910995942219208,0.8275768215383087,1.0003843917100874,-0.6768580868953851,2
0.8119352498012704,0.7479091992971489,-1.6387305064395425,1.3134064785918589,-0.15536390740370504,4
-1.4847318260975593,0.0392296060484406,-0.7860148841668633,1.65723150779355,0.6977543217167624,3
1.4890429197237125,-0.6331184142222236,0.8496660440507795,-0.9294882832750465,-0.6351635535818755,3
-1.0362512400693764,-0.6934422456942858,1.059431622113616,-0.42622945410550295,-0.621414377794538,2
-1.6521854423450817,0.48969180981259947,-0.18095881648824386,-0.23512682971897028,-0.6690331245932611,3
-1.001593451489974,-0.1324866505577511,-1.2308794576096274,-1.0302725152783667,-0.03742133113547493,3
-1.0505495915174674,1.6687857702174846,1.8220028206838026,0.02921241885584886,0.6984440224171512,3
0.7572309019480127,-0.48689783417284765,1.460713171436611,-1.066752217633316,-0.6256038116038027,2
-0.4858834243798276,1.429330609753961,1.2516727909786016,-0.07530568788517387,-0.04047154419616968,3
-0.40185708618383364,1.2082225661307566,-0.3496137906035878,-1.0901277306259562,-0.0137070610295408,3
0.5831471090215269,-1.681602091385149,0.3708302261614763,2.0404958223607093,0.7328175689667222,3
1.0088364717136555,-0.8195544826409131,0.9519010624213561,-1.5303900085368798,0.804322272795772,3
-0.30124911962727746,-0.82430067403208,0.4463392710417151,-0.27892081017528664,0.03974781694249646,2
-1.1575867056292877,0.7297997688639362,-0.2921909207145843,0.40405835042745436,-0.7011992817573237,3
-0.5215338008003405,-0.1705350755925228,-0.1962183152455393,-0.07670898701180073,0.008172497030247793,3
1.084218729029676,1.9417450373484673,-0.6869498328877929,0.8561481241971368,0.6298723445015401,4
0.5922390410539549,-0.9058474194425918,-0.1997400007334948,0.06136014132651108,-0.6512559141387043,3
-1.4005798725794387,0.15703516134453427,-0.6897709255034989,-0.6987646206225345,0.7608929598063136,3
-0.5039016092318073,0.09085056764560395,-1.3378954209647778,-0.34843895954878984,0.74061116544022,3
1.1416677409451328,0.9079811719980396,-1.7128852425904366,1.7395299320228088,-0.17680801217974684,4
-0.7411148902917137,0.47717910674631564,-0.8380803978052869,0.1534822862393657,0.7180047502542299,3
-0.9640298199035279,-1.4987203700647418,-1.1008365732159817,0.19996165906616847,-0.6244600651434493,3
2.652166892695179,2.7798744697985716,-0.9244021869034503,0.41770753622032647,0.596512511098903,3
0.722634760581813,0.5236515455668626,-0.3626441123313968,-0.9131639307193977,0.7352594212210071,3
2.6431066387272315,-0.07286650976910508,0.5901244675226521,0.5619438037332777,-0.7102179202980221,3
1.1593104285798497,-0.7931903869231149,0.9238207802016734,-1.3556117367059963,-0.6137194488058338,3
1.086837777769749,-0.6657394603912555,-0.3109721049598355,0.7005453214729366,-0.683422071302767,3
0.24820819846200057,1.2963086237682875,0.636985933987586,0.09067856085691345,0.6900465908490268,3
0.2943580272140931,0.19210212693723086,-0.3757362489881035,0.9784252893811451,-0.7137547813060873,3
-0.06451295523605269,-1.41757595603968,1.0781213122106725,-0.45276424041364505,0.805515949034346,3
0.060076672751715104,0.2202783410130623,-0.21855078090079935,-1.80805921316445,-0.03205102296666719,3
-1.7249125973777113,0.7812424849164329,1.407114538366991,0.7753302923232519,-0.09867659228606292,3
-0.13685999072402746,-0.9512114305885221,1.540858967294717,0.2622187320899852,0.7721874814603352,3
-0.7411148902917137,0.47717910674631564,-0.8380803978052869,0.1534822862393657,0.7180047502542299,3
1.1588046937130685,-1.3069178361897376,0.3516259397273104,0.28103649850789775,-0.04640860384754708,3
-2.5493694405594938,0.04214895424490726,-0.10502916150132831,1.0511957444211788,-0.08144048526888069,3
0.39290226943795037,0.36357957286597176,-0.28848937618050313,-1.3392873841503476,0.7567035259970486,3
-0.7905450871215076,-0.3122622293701894,2.5865634675449107,1.0147160420662291,-0.6696229657372085,2
-2.621210741180687,1.0222409289626877,0.9299033340570793,0.12953048171091447,-0.6820797978011783,3
-0.8359137054417982,-0.08241999911898863,-1.2601009552087,-0.8032827273635578,0.021977393192992575,3
-1.8026593992112758,0.4633277140948011,-0.1528785342685607,-0.40990510154985405,0.7490085970083444,3
-0.35311988675614997,-0.42648212081490366,-1.93031467318245,1.4769156086953212,-0.039998934486610495,3
-0.8484065086260615,-0.29770714603525883,-0.12940789918692966,-0.5173717183257395,-0.04157939911611383,3
-0.593827364245575,1.02579527606097,2.299335115063961,2.5709663702672887,-0.7642879900686543,2
-1.354430043827346,-0.9471713354865215,-1.702493108479188,0.18898210790169723,-0.6429084123488003,4
-0.8480263890814066,-0.12289329568793414,-1.2547435989581197,-0.8128458678643318,-0.6452643989973228,3
-0.12827379355838087,-0.6891842079125875,0.39809389992538297,-0.08026871373031826,-0.04457515668680454,2
0.6619670278018569,1.2352725528459736,-1.0384553837454968,-0.49802002845291876,0.6953669692396138,3
0.4386719786453877,-0.9154407743124087,-0.17587585938500203,-0.15606650608752357,-0.043412846276856376,3
0.9481687389336998,-0.10793347536180249,0.2760897910072565,-1.115246106270401,0.7644298208143788,3
-1.024571937361357,-0.44818576386633313,-0.07911730438452882,-0.7260685243426547,-0.6279783622019198,3
0.30603732992211236,0.4373586087651842,-1.514285175486248,0.6785862191439931,-0.7203187657134692,3
-0.07571514127539056,-1.4558856949607448,1.085073174380368,-0.4810029857262901,0.0689182165358685,2
1.6629694192635904,2.2996585516958974,-0.701937978450769,-0.8606628240725234,0.6608448254270286,3
-0.01227036273625966,0.6866428664642199,0.24418687418324475,-1.093076240660818,-0.06537949054067811,3
-0.21769989809996484,-1.2523554605621725,-0.02335024621202463,-0.9656650373662719,0.8096740170149849,3
-0.8600858113340807,-0.5429636278632115,1.009141027311215,-0.2175326480885872,-0.0350154147087318,2
-0.6831601435094754,-0.04285730933748885,-1.291820967033567,-0.5997841411488567,-0.6559864513853436,3
0.7078623523314215,0.29516580458689157,0.7716886732955577,-0.6559732360653976,-0.06837524811136882,2
0.6274062363464812,0.7064498502690021,1.2455943314204876,0.07341936670873984,-0.028102794444099678,2
-0.6718609603461114,0.027585322143139676,-1.305034193760521,-0.6041490618474161,-0.05886543591151678,3
0.9364894362256808,-0.35318995718975515,1.4146387175054007,-0.8154070360332494,0.770993805221761,2
1.1013556817976122,-0.27315397083930953,1.3775613494299543,-0.6023453093177746,0.7602717528337399,3
2.0067457576330163,0.261602257056993,1.2842023268448939,-1.9356811797396358,-0.04039852475657107,3
0.8386381914039341,1.89947861994367,-0.5165511380735347,-1.9259714576498979,0.7144550873671331,3
0.35490014467192266,-0.858432479261178,-1.397455517819557,1.9044554727899687,-0.7102364842476169,4
-1.2473929297155264,-0.008185334132973081,0.4117006329191984,-0.18586382366990722,0.7567348918256748,3
0.9826392649777733,-1.4573964540208113,0.40191653452971104,0.07233969249098272,-0.6328075669333533,3
0.6384828070636926,0.40584599027076884,-0.4588880709947614,1.4428321976966874,0.6721207831314555,4
-1.6408862591817173,0.5601344412932281,-0.19417204321519768,-0.23949175041753065,-0.07191210911943406,3
2.2527064148034137,0.4786825248091145,-0.011532067740554297,0.5509642525688067,-0.7286662675033733,3
-0.3044392222936762,-0.8396628257436617,0.448384494727784,-0.28896551974723356,-0.6309741197726106,3
-0.07293809551621554,1.3982638737433304,-0.4316243972308551,-0.6779323383943396,-0.10527194252207109,3
-0.8713849944974449,-0.6134062593438402,1.022354254038169,-0.21316772739002784,-0.6321364301825587,3
-0.4432338764518519,-0.6207704396335073,-0.6620841495506778,-0.763582861815268,0.7805036174216128,3
1.5927356976489069,-0.3551888698592904,-0.43541743591313,1.3353655809208016,-0.11846721299300284,3
1.983135921572725,-0.9067379044375103,0.16623909935007639,1.3463451320852726,-0.10001886578765164,3
1.0864576582250938,-0.8405533107385795,0.8143635948113547,0.9960194710115282,-0.079737071421558,2
0.30565721037745724,0.26254475841785935,-0.3889494757150576,0.9740603686825858,-0.11663376583226023,3
-1.0708473814355763,0.3171071340454248,-0.7639256616543929,-0.2726411671915844,0.7394488550302719,3
-0.7433944953578421,0.4639805126826143,-0.834440668200103,0.124761971855548,-0.022073126769039265,3
0.276898838615829,-1.0122475015108359,-0.13458235043836522,-0.32647985721984696,0.7775078598509224,3
0.8845335159334984,0.9593718716845887,1.29359291896752,-2.0839246652623773,-0.04928712998384944,2
0.8124409846680517,1.2616366485637718,-1.0665356659651797,-0.32324175662203586,-0.7226747523619917,3
-0.8569927057917079,-0.559734368711193,1.0133571681824047,-0.1748842725054358,0.7751832390310258,2
-0.16567624619998192,1.0184310957713032,0.6148967114751146,2.0205512358420483,0.6483520575355174,4
0.4098557231694327,1.0542017520474158,-1.1018381152046046,1.6022659976645395,-0.1672482702016741,4
1.0500876466595468,0.6705249242040519,-0.4331591188771066,-0.5157607916722652,-0.026262560578304256,3
-1.250105915713244,0.1833992570623328,-0.7178512077231818,-0.5239863487916512,-0.657148761795292,3
-2.8440317335348566,1.462241358696048,1.420721271360806,0.6697351823836626,0.7026334562264165,3
0.9886064134033469,1.4121152663948462,-1.1168262607675807,-0.11454495060512053,-0.13627578927618564,3
0.4880405282619791,-1.6975044130721475,0.5131486387560517,-0.5668454876554421,-0.6006414097692903,3
-2.147289913927657,-0.26414359850535973,-0.6419215527362656,0.7623362253484984,-0.06955612247091159,3
-1.0101796486556207,-0.394513873233686,-0.08811439024029288,-0.6877850694580627,0.7793413070116647,3
1.161897799255441,-1.3236885770377194,0.3558420805985002,0.3236848740910494,0.7637900498922106,4
0.8119352498012704,0.7479091992971489,-1.6387305064395425,1.3134064785918589,-0.15536390740370504,4
0.6035382242173192,-0.8354047879619634,-0.212953227460449,0.056995220627951725,-0.05413489866487729,3
0.21313800029350072,-0.2838557533837437,-0.814609762723655,0.04601566946347995,-0.07258324587022838,3
0.09764030433816107,-1.1459553784939285,-0.08850789650715417,-0.5778250388199138,-0.6190897569746415,3
1.1885428571437786,3.0723156298973224,0.2976920678682142,0.1431796675037875,0.6156319950550485,3
1.2948546838090451,0.7427606765205321,-0.6114136841677387,2.2524307289754355,-0.18096608016038576,4
0.25679439562764694,1.5583358464442214,-0.5057791333817487,-0.25180888496339,-0.1267160472981129,3
-3.139293698634645,-0.047293592663852954,1.6207027510341554,1.4311975277140967,-0.6731598267452737,3
0.17270032582385317,-1.803904495140392,0.5783062890511815,-0.9546854862018005,0.8281223642203358,3
0.7397138296354218,1.5531873236676053,0.5215376888900554,0.6872153654201869,-0.15231822005479365,4
0.3524067112539762,2.087965617397843,-0.07590270550196097,0.7188841898388671,0.6394320864796128,4
-0.14007871158852628,-1.2733542886598386,-0.16088771382202602,1.560744442182136,-0.07438532720234486,3
0.15297600238032666,0.9414927031619899,-0.9182261936633925,-1.1754886634839352,-0.679786542809908,3
0.04908525519781365,-0.39386107464587244,-0.7696765241718345,-0.15311799605266124,0.00825958323428095,3
-0.8367272059180427,-0.05245066420730553,-1.267956825685074,-0.8172107885628913,-0.048143383523495835,3
2.3246733307467333,-0.1624958509893679,0.6510659769465914,0.13145542960376877,-0.0916528000481532,4
-0.35342765236561313,0.11721466336340215,-1.3659757031844604,-0.17366068771790674,-0.6774305561613857,3
0.325761653365639,-2.3080385895371984,-0.01775269277167423,0.8993893964261287,0.7875901413167747,4
0.3812229667299312,0.11832309103801886,0.8500595503176412,-1.0394483139131958,0.7632675104044305,3
-1.250105915713244,0.1833992570623328,-0.7178512077231818,-0.5239863487916512,-0.657148761795292,3
1.9460780248530611,0.9732232643361034,0.6083910554307943,-1.5205372774731567,-0.08029097673796402,3
-0.5097717605333553,-2.7465282602104906,0.174586009775255,-0.19415798246389138,0.10460267075840185,3
0.9768014953732013,0.8279451856475943,-1.6758078745149898,1.5264682053073333,-0.16608595979172594,4
-0.917660438571664,0.15188663856791776,0.3375458967683049,0.24025962976104276,0.7352907870496329,3
-0.518293897937544,0.03717867701295669,-1.3288983351090138,-0.38672241443338157,-0.6667085037733648,3
-1.8057525047536482,0.4800984549427826,-0.1570946751397509,-0.4525534771330056,-0.06119005673141313,3
0.5805597383459358,-1.1511039012705448,0.9388089257646491,0.3611992115636631,-0.644691929731322,3
-2.3638252855247996,1.648677427114737,1.3184862529902297,1.2706369076454958,-0.7368523701512311,3
-0.917660438571664,0.15188663856791776,0.3375458967683049,0.24025962976104276,0.7352907870496329,3
-0.4463269819942244,-0.6039996987855255,-0.6663002904218676,-0.8062312373984202,-0.029695036318144775,3
-0.6687678548037389,0.010814581295158126,-1.300818052889331,-0.5615006862642646,0.751333217828241,3
1.3385689628575181,-0.6594825099400223,0.8777463262704622,-1.1042665551059296,0.7828781680197302,3
0.7685300851113767,-0.41645520269221903,1.4474999447096575,-1.0711171383318758,-0.028482796129975885,2
-2.4536315096110375,0.9106923241178273,2.0223778066240126,0.6807147335481335,0.7210818034317676,3
-0.4260291920761159,0.7476789373865343,1.9196281919163274,-0.5043776513509868,-0.07069986893126518,2
-0.9665232533214743,1.4476777265942797,0.2207162391016138,-0.9856096238849328,0.7252085055837802,3
-0.27258774498967553,0.4183586933370525,0.19823351032228165,1.0542230817383509,-0.7149170917160353,3
-0.40267058666007816,1.2381919010424396,-0.3574696610799615,-1.1040557918252905,-0.08382783774602921,3
1.2054285792674613,0.1795894238709478,-1.032857830305146,1.3670344053394812,0.6732830935414038,4
-0.2900469335879394,-0.7859909351110144,0.43938740887201955,-0.2506820648626416,0.7763455494409742,3
0.14079096480552616,0.18250877206741406,-0.35187210763961085,0.7609986419671108,-0.10591171344423932,3
-1.1085982755573507,-0.22707772024312786,1.52216927719766,0.2887535183981276,-0.6547428453685489,3
0.9332707153611817,-0.6753328152610724,-0.2871079636113427,0.4831186740589015,-0.07557900344091913,3
-0.30124911962727746,-0.82430067403208,0.4463392710417151,-0.27892081017528664,0.03974781694249646,2
0.7195416550394401,0.5404222864148439,-0.36686025320258664,-0.9558123063025492,-0.07493923251875086,3
-0.7991635743315963,-1.4186843837142968,-1.1379139412914288,0.4130233857816438,-0.6351821175314701,3
-0.22079300364233745,-1.235584719714191,-0.02756638708321451,-1.0083134129494236,-0.0005246367247726962,3
-0.7384958415516405,-2.1303053909934073,-0.46210266987732873,-0.0021205164848347433,-0.5952896655500771,3
-0.8480263890814066,-0.12289329568793414,-1.2547435989581197,-0.8128458678643318,-0.6452643989973228,3
1.3362893577913892,-0.672681104003724,0.881386055875646,-1.1329868694897474,0.042800290996460745,3
0.6673667941474478,2.0195518491187636,0.9842753439740995,1.4021983379238172,-0.18564668762880457,4
1.0256643101230118,-0.4678459023787678,-1.5589782168482984,2.752337458953309,-0.15600367832587334,3
-0.27258774498967553,0.4183586933370525,0.19823351032228165,1.0542230817383509,-0.7149170917160353,3
0.6588739222594842,1.252043293693955,-1.042671524616687,-0.5406684040360704,-0.1148316845001438,3
-1.406479289397213,0.870871826136695,1.3461730289430518,1.2058186664527615,-0.7172417125359315,3
0.21326361561562754,0.055057845535555046,0.8829207775218978,-1.2951584162118221,-0.03620909094730608,2
-0.5905153181033923,0.842456801383413,0.831369860220584,-1.0129135276050532,-0.6636628164244532,3
2.492632681861038,-0.09923060548690367,0.6182047497423345,0.3871655319023954,0.7078238013035836,3
0.6560141389413432,1.2191433914358,-1.035327204524403,-0.5261291261530819,-0.04363568357774034,3
-0.8359137054417982,-0.08241999911898863,-1.2601009552087,-0.8032827273635578,0.021977393192992575,3
-0.5619037436621873,1.8927645678586476,1.713898895678556,0.6402885013021106,-0.07272478756426558,3
2.3246733307467333,-0.1624958509893679,0.6510659769465914,0.13145542960376877,-0.0916528000481532,3
-0.6831601435094754,-0.04285730933748885,-1.291820967033567,-0.5997841411488567,-0.6559864513853436,3
-1.4558478390138034,1.6529354648964343,0.657148530801997,1.6165976480206798,-0.16001314904349775,3
-2.6822585935052983,1.559048085894474,1.3794277624141698,0.8401485335159858,-0.11828724990136226,3
-0.33903536365987635,0.17088655399604913,-1.3749727890402246,-0.1353772328333147,0.7298891130521991,3
-0.6314587274398212,-1.1913193896398582,1.6520910715210575,-0.37696644805644003,0.8043536386243979,3
1.6250929098196891,1.4165600984880464,-0.11337357984426943,1.0419059471924907,-0.7697210298947144,4
-1.3080606624954823,0.7034356731461373,-0.26411063849490135,0.2292800785965712,0.7168424398442818,3
-0.8336341003756698,-0.06922140505528684,-1.2637406848138844,-0.77456241297974,0.7620552702162617,3
-1.354430043827346,-0.9471713354865215,-1.702493108479188,0.18898210790169723,-0.6429084123488003,3
-1.001593451489974,-0.1324866505577511,-1.2308794576096274,-1.0302725152783667,-0.03742133113547493,3
0.22803602386601904,0.28354358651552625,-0.2514120081050564,-1.5523491108658225,0.7674255783850694,3
0.7513931323434411,1.7984438054955583,-0.6170112376080895,0.38737629518303535,-0.1588822044621757,4
-2.6791654879629254,1.5422773450464926,1.3836439032853602,0.8827969090991379,0.6919114038383953,3
